Timestamp,PowerAmountKW,IoTHubTypeIdentifier
01/01/1970 00:00,0,PowerTelemetry
01/01/1970 00:01,0,PowerTelemetry
01/01/1970 00:02,0,PowerTelemetry
01/01/1970 00:03,0,PowerTelemetry
01/01/1970 00:04,0,PowerTelemetry
01/01/1970 00:05,0,PowerTelemetry
01/01/1970 00:06,0,PowerTelemetry
01/01/1970 00:07,0,PowerTelemetry
01/01/1970 00:08,0,PowerTelemetry
01/01/1970 00:09,0,PowerTelemetry
01/01/1970 00:10,0,PowerTelemetry
01/01/1970 00:11,0,PowerTelemetry
01/01/1970 00:12,0,PowerTelemetry
01/01/1970 00:13,0,PowerTelemetry
01/01/1970 00:14,0,PowerTelemetry
01/01/1970 00:15,0,PowerTelemetry
01/01/1970 00:16,0,PowerTelemetry
01/01/1970 00:17,0,PowerTelemetry
01/01/1970 00:18,0,PowerTelemetry
01/01/1970 00:19,0,PowerTelemetry
01/01/1970 00:20,0,PowerTelemetry
01/01/1970 00:21,0,PowerTelemetry
01/01/1970 00:22,0,PowerTelemetry
01/01/1970 00:23,0,PowerTelemetry
01/01/1970 00:24,0,PowerTelemetry
01/01/1970 00:25,0,PowerTelemetry
01/01/1970 00:26,0,PowerTelemetry
01/01/1970 00:27,0,PowerTelemetry
01/01/1970 00:28,0,PowerTelemetry
01/01/1970 00:29,0,PowerTelemetry
01/01/1970 00:30,0,PowerTelemetry
01/01/1970 00:31,0,PowerTelemetry
01/01/1970 00:32,0,PowerTelemetry
01/01/1970 00:33,0,PowerTelemetry
01/01/1970 00:34,0,PowerTelemetry
01/01/1970 00:35,0,PowerTelemetry
01/01/1970 00:36,0,PowerTelemetry
01/01/1970 00:37,0,PowerTelemetry
01/01/1970 00:38,0,PowerTelemetry
01/01/1970 00:39,0,PowerTelemetry
01/01/1970 00:40,0,PowerTelemetry
01/01/1970 00:41,0,PowerTelemetry
01/01/1970 00:42,0,PowerTelemetry
01/01/1970 00:43,0,PowerTelemetry
01/01/1970 00:44,0,PowerTelemetry
01/01/1970 00:45,0,PowerTelemetry
01/01/1970 00:46,0,PowerTelemetry
01/01/1970 00:47,0,PowerTelemetry
01/01/1970 00:48,0,PowerTelemetry
01/01/1970 00:49,0,PowerTelemetry
01/01/1970 00:50,0,PowerTelemetry
01/01/1970 00:51,0,PowerTelemetry
01/01/1970 00:52,0,PowerTelemetry
01/01/1970 00:53,0,PowerTelemetry
01/01/1970 00:54,0,PowerTelemetry
01/01/1970 00:55,0,PowerTelemetry
01/01/1970 00:56,0,PowerTelemetry
01/01/1970 00:57,0,PowerTelemetry
01/01/1970 00:58,0,PowerTelemetry
01/01/1970 00:59,0,PowerTelemetry
01/01/1970 01:00,0,PowerTelemetry
01/01/1970 01:01,0,PowerTelemetry
01/01/1970 01:02,0,PowerTelemetry
01/01/1970 01:03,0,PowerTelemetry
01/01/1970 01:04,0,PowerTelemetry
01/01/1970 01:05,0,PowerTelemetry
01/01/1970 01:06,0,PowerTelemetry
01/01/1970 01:07,0,PowerTelemetry
01/01/1970 01:08,0,PowerTelemetry
01/01/1970 01:09,0,PowerTelemetry
01/01/1970 01:10,0,PowerTelemetry
01/01/1970 01:11,0,PowerTelemetry
01/01/1970 01:12,0,PowerTelemetry
01/01/1970 01:13,0,PowerTelemetry
01/01/1970 01:14,0,PowerTelemetry
01/01/1970 01:15,0,PowerTelemetry
01/01/1970 01:16,0,PowerTelemetry
01/01/1970 01:17,0,PowerTelemetry
01/01/1970 01:18,0,PowerTelemetry
01/01/1970 01:19,0,PowerTelemetry
01/01/1970 01:20,0,PowerTelemetry
01/01/1970 01:21,0,PowerTelemetry
01/01/1970 01:22,0,PowerTelemetry
01/01/1970 01:23,0,PowerTelemetry
01/01/1970 01:24,0,PowerTelemetry
01/01/1970 01:25,0,PowerTelemetry
01/01/1970 01:26,0,PowerTelemetry
01/01/1970 01:27,0,PowerTelemetry
01/01/1970 01:28,0,PowerTelemetry
01/01/1970 01:29,0,PowerTelemetry
01/01/1970 01:30,0,PowerTelemetry
01/01/1970 01:31,0,PowerTelemetry
01/01/1970 01:32,0,PowerTelemetry
01/01/1970 01:33,0,PowerTelemetry
01/01/1970 01:34,0,PowerTelemetry
01/01/1970 01:35,0,PowerTelemetry
01/01/1970 01:36,0,PowerTelemetry
01/01/1970 01:37,0,PowerTelemetry
01/01/1970 01:38,0,PowerTelemetry
01/01/1970 01:39,0,PowerTelemetry
01/01/1970 01:40,0,PowerTelemetry
01/01/1970 01:41,0,PowerTelemetry
01/01/1970 01:42,0,PowerTelemetry
01/01/1970 01:43,0,PowerTelemetry
01/01/1970 01:44,0,PowerTelemetry
01/01/1970 01:45,0,PowerTelemetry
01/01/1970 01:46,0,PowerTelemetry
01/01/1970 01:47,0,PowerTelemetry
01/01/1970 01:48,0,PowerTelemetry
01/01/1970 01:49,0,PowerTelemetry
01/01/1970 01:50,0,PowerTelemetry
01/01/1970 01:51,0,PowerTelemetry
01/01/1970 01:52,0,PowerTelemetry
01/01/1970 01:53,0,PowerTelemetry
01/01/1970 01:54,0,PowerTelemetry
01/01/1970 01:55,0,PowerTelemetry
01/01/1970 01:56,0,PowerTelemetry
01/01/1970 01:57,0,PowerTelemetry
01/01/1970 01:58,0,PowerTelemetry
01/01/1970 01:59,0,PowerTelemetry
01/01/1970 02:00,0,PowerTelemetry
01/01/1970 02:01,0,PowerTelemetry
01/01/1970 02:02,0,PowerTelemetry
01/01/1970 02:03,0,PowerTelemetry
01/01/1970 02:04,0,PowerTelemetry
01/01/1970 02:05,0,PowerTelemetry
01/01/1970 02:06,0,PowerTelemetry
01/01/1970 02:07,0,PowerTelemetry
01/01/1970 02:08,0,PowerTelemetry
01/01/1970 02:09,0,PowerTelemetry
01/01/1970 02:10,0,PowerTelemetry
01/01/1970 02:11,0,PowerTelemetry
01/01/1970 02:12,0,PowerTelemetry
01/01/1970 02:13,0,PowerTelemetry
01/01/1970 02:14,0,PowerTelemetry
01/01/1970 02:15,0,PowerTelemetry
01/01/1970 02:16,0,PowerTelemetry
01/01/1970 02:17,0,PowerTelemetry
01/01/1970 02:18,0,PowerTelemetry
01/01/1970 02:19,0,PowerTelemetry
01/01/1970 02:20,0,PowerTelemetry
01/01/1970 02:21,0,PowerTelemetry
01/01/1970 02:22,0,PowerTelemetry
01/01/1970 02:23,0,PowerTelemetry
01/01/1970 02:24,0,PowerTelemetry
01/01/1970 02:25,0,PowerTelemetry
01/01/1970 02:26,0,PowerTelemetry
01/01/1970 02:27,0,PowerTelemetry
01/01/1970 02:28,0,PowerTelemetry
01/01/1970 02:29,0,PowerTelemetry
01/01/1970 02:30,0,PowerTelemetry
01/01/1970 02:31,0,PowerTelemetry
01/01/1970 02:32,0,PowerTelemetry
01/01/1970 02:33,0,PowerTelemetry
01/01/1970 02:34,0,PowerTelemetry
01/01/1970 02:35,0,PowerTelemetry
01/01/1970 02:36,0,PowerTelemetry
01/01/1970 02:37,0,PowerTelemetry
01/01/1970 02:38,0,PowerTelemetry
01/01/1970 02:39,0,PowerTelemetry
01/01/1970 02:40,0,PowerTelemetry
01/01/1970 02:41,0,PowerTelemetry
01/01/1970 02:42,0,PowerTelemetry
01/01/1970 02:43,0,PowerTelemetry
01/01/1970 02:44,0,PowerTelemetry
01/01/1970 02:45,0,PowerTelemetry
01/01/1970 02:46,0,PowerTelemetry
01/01/1970 02:47,0,PowerTelemetry
01/01/1970 02:48,0,PowerTelemetry
01/01/1970 02:49,0,PowerTelemetry
01/01/1970 02:50,0,PowerTelemetry
01/01/1970 02:51,0,PowerTelemetry
01/01/1970 02:52,0,PowerTelemetry
01/01/1970 02:53,0,PowerTelemetry
01/01/1970 02:54,0,PowerTelemetry
01/01/1970 02:55,0,PowerTelemetry
01/01/1970 02:56,0,PowerTelemetry
01/01/1970 02:57,0,PowerTelemetry
01/01/1970 02:58,0,PowerTelemetry
01/01/1970 02:59,0,PowerTelemetry
01/01/1970 03:00,0,PowerTelemetry
01/01/1970 03:01,0,PowerTelemetry
01/01/1970 03:02,0,PowerTelemetry
01/01/1970 03:03,0,PowerTelemetry
01/01/1970 03:04,0,PowerTelemetry
01/01/1970 03:05,0,PowerTelemetry
01/01/1970 03:06,0,PowerTelemetry
01/01/1970 03:07,0,PowerTelemetry
01/01/1970 03:08,0,PowerTelemetry
01/01/1970 03:09,0,PowerTelemetry
01/01/1970 03:10,0,PowerTelemetry
01/01/1970 03:11,0,PowerTelemetry
01/01/1970 03:12,0,PowerTelemetry
01/01/1970 03:13,0,PowerTelemetry
01/01/1970 03:14,0,PowerTelemetry
01/01/1970 03:15,0,PowerTelemetry
01/01/1970 03:16,0,PowerTelemetry
01/01/1970 03:17,0,PowerTelemetry
01/01/1970 03:18,0,PowerTelemetry
01/01/1970 03:19,0,PowerTelemetry
01/01/1970 03:20,0,PowerTelemetry
01/01/1970 03:21,0,PowerTelemetry
01/01/1970 03:22,0,PowerTelemetry
01/01/1970 03:23,0,PowerTelemetry
01/01/1970 03:24,0,PowerTelemetry
01/01/1970 03:25,0,PowerTelemetry
01/01/1970 03:26,0,PowerTelemetry
01/01/1970 03:27,0,PowerTelemetry
01/01/1970 03:28,0,PowerTelemetry
01/01/1970 03:29,0,PowerTelemetry
01/01/1970 03:30,0,PowerTelemetry
01/01/1970 03:31,0,PowerTelemetry
01/01/1970 03:32,0,PowerTelemetry
01/01/1970 03:33,0,PowerTelemetry
01/01/1970 03:34,0,PowerTelemetry
01/01/1970 03:35,0,PowerTelemetry
01/01/1970 03:36,0,PowerTelemetry
01/01/1970 03:37,0,PowerTelemetry
01/01/1970 03:38,0,PowerTelemetry
01/01/1970 03:39,0,PowerTelemetry
01/01/1970 03:40,0,PowerTelemetry
01/01/1970 03:41,0,PowerTelemetry
01/01/1970 03:42,0,PowerTelemetry
01/01/1970 03:43,0,PowerTelemetry
01/01/1970 03:44,0,PowerTelemetry
01/01/1970 03:45,0,PowerTelemetry
01/01/1970 03:46,0,PowerTelemetry
01/01/1970 03:47,0,PowerTelemetry
01/01/1970 03:48,0,PowerTelemetry
01/01/1970 03:49,0,PowerTelemetry
01/01/1970 03:50,0,PowerTelemetry
01/01/1970 03:51,0,PowerTelemetry
01/01/1970 03:52,0,PowerTelemetry
01/01/1970 03:53,0,PowerTelemetry
01/01/1970 03:54,0,PowerTelemetry
01/01/1970 03:55,0,PowerTelemetry
01/01/1970 03:56,0,PowerTelemetry
01/01/1970 03:57,0,PowerTelemetry
01/01/1970 03:58,0,PowerTelemetry
01/01/1970 03:59,0,PowerTelemetry
01/01/1970 04:00,0,PowerTelemetry
01/01/1970 04:01,0,PowerTelemetry
01/01/1970 04:02,0,PowerTelemetry
01/01/1970 04:03,0,PowerTelemetry
01/01/1970 04:04,0,PowerTelemetry
01/01/1970 04:05,0,PowerTelemetry
01/01/1970 04:06,0,PowerTelemetry
01/01/1970 04:07,0,PowerTelemetry
01/01/1970 04:08,0,PowerTelemetry
01/01/1970 04:09,0,PowerTelemetry
01/01/1970 04:10,0,PowerTelemetry
01/01/1970 04:11,0,PowerTelemetry
01/01/1970 04:12,0,PowerTelemetry
01/01/1970 04:13,0,PowerTelemetry
01/01/1970 04:14,0,PowerTelemetry
01/01/1970 04:15,0,PowerTelemetry
01/01/1970 04:16,0,PowerTelemetry
01/01/1970 04:17,0,PowerTelemetry
01/01/1970 04:18,0,PowerTelemetry
01/01/1970 04:19,0,PowerTelemetry
01/01/1970 04:20,0,PowerTelemetry
01/01/1970 04:21,0,PowerTelemetry
01/01/1970 04:22,0,PowerTelemetry
01/01/1970 04:23,0,PowerTelemetry
01/01/1970 04:24,0,PowerTelemetry
01/01/1970 04:25,0,PowerTelemetry
01/01/1970 04:26,0,PowerTelemetry
01/01/1970 04:27,0,PowerTelemetry
01/01/1970 04:28,0,PowerTelemetry
01/01/1970 04:29,0,PowerTelemetry
01/01/1970 04:30,0,PowerTelemetry
01/01/1970 04:31,0,PowerTelemetry
01/01/1970 04:32,0,PowerTelemetry
01/01/1970 04:33,0,PowerTelemetry
01/01/1970 04:34,0,PowerTelemetry
01/01/1970 04:35,0,PowerTelemetry
01/01/1970 04:36,0,PowerTelemetry
01/01/1970 04:37,0,PowerTelemetry
01/01/1970 04:38,0,PowerTelemetry
01/01/1970 04:39,0,PowerTelemetry
01/01/1970 04:40,0,PowerTelemetry
01/01/1970 04:41,0,PowerTelemetry
01/01/1970 04:42,0,PowerTelemetry
01/01/1970 04:43,0,PowerTelemetry
01/01/1970 04:44,0,PowerTelemetry
01/01/1970 04:45,0,PowerTelemetry
01/01/1970 04:46,0,PowerTelemetry
01/01/1970 04:47,0,PowerTelemetry
01/01/1970 04:48,0,PowerTelemetry
01/01/1970 04:49,0,PowerTelemetry
01/01/1970 04:50,0,PowerTelemetry
01/01/1970 04:51,0,PowerTelemetry
01/01/1970 04:52,0,PowerTelemetry
01/01/1970 04:53,0,PowerTelemetry
01/01/1970 04:54,0,PowerTelemetry
01/01/1970 04:55,0,PowerTelemetry
01/01/1970 04:56,0,PowerTelemetry
01/01/1970 04:57,0,PowerTelemetry
01/01/1970 04:58,0,PowerTelemetry
01/01/1970 04:59,0,PowerTelemetry
01/01/1970 05:00,0,PowerTelemetry
01/01/1970 05:01,0,PowerTelemetry
01/01/1970 05:02,0,PowerTelemetry
01/01/1970 05:03,0,PowerTelemetry
01/01/1970 05:04,0,PowerTelemetry
01/01/1970 05:05,0,PowerTelemetry
01/01/1970 05:06,0,PowerTelemetry
01/01/1970 05:07,0,PowerTelemetry
01/01/1970 05:08,0,PowerTelemetry
01/01/1970 05:09,0,PowerTelemetry
01/01/1970 05:10,0,PowerTelemetry
01/01/1970 05:11,0,PowerTelemetry
01/01/1970 05:12,0,PowerTelemetry
01/01/1970 05:13,0,PowerTelemetry
01/01/1970 05:14,0.15,PowerTelemetry
01/01/1970 05:15,0.15,PowerTelemetry
01/01/1970 05:16,0.15,PowerTelemetry
01/01/1970 05:17,0.15,PowerTelemetry
01/01/1970 05:18,0.15,PowerTelemetry
01/01/1970 05:19,0.15,PowerTelemetry
01/01/1970 05:20,0.15,PowerTelemetry
01/01/1970 05:21,0.15,PowerTelemetry
01/01/1970 05:22,0.15,PowerTelemetry
01/01/1970 05:23,0.15,PowerTelemetry
01/01/1970 05:24,0.15,PowerTelemetry
01/01/1970 05:25,0.15015,PowerTelemetry
01/01/1970 05:26,0.15030015,PowerTelemetry
01/01/1970 05:27,0.15045045,PowerTelemetry
01/01/1970 05:28,0.150600901,PowerTelemetry
01/01/1970 05:29,0.150751502,PowerTelemetry
01/01/1970 05:30,0.150902253,PowerTelemetry
01/01/1970 05:31,0.151053155,PowerTelemetry
01/01/1970 05:32,0.151204208,PowerTelemetry
01/01/1970 05:33,0.151355413,PowerTelemetry
01/01/1970 05:34,0.151506768,PowerTelemetry
01/01/1970 05:35,0.151658275,PowerTelemetry
01/01/1970 05:36,0.151809933,PowerTelemetry
01/01/1970 05:37,0.151961743,PowerTelemetry
01/01/1970 05:38,0.152113705,PowerTelemetry
01/01/1970 05:39,0.152265818,PowerTelemetry
01/01/1970 05:40,0.152418084,PowerTelemetry
01/01/1970 05:41,0.152570502,PowerTelemetry
01/01/1970 05:42,0.152723073,PowerTelemetry
01/01/1970 05:43,0.152875796,PowerTelemetry
01/01/1970 05:44,0.153028672,PowerTelemetry
01/01/1970 05:45,0.1531817,PowerTelemetry
01/01/1970 05:46,0.153334882,PowerTelemetry
01/01/1970 05:47,0.153488217,PowerTelemetry
01/01/1970 05:48,0.153641705,PowerTelemetry
01/01/1970 05:49,0.153795347,PowerTelemetry
01/01/1970 05:50,0.153949142,PowerTelemetry
01/01/1970 05:51,0.154103091,PowerTelemetry
01/01/1970 05:52,0.154257194,PowerTelemetry
01/01/1970 05:53,0.154411452,PowerTelemetry
01/01/1970 05:54,0.154565863,PowerTelemetry
01/01/1970 05:55,0.154720429,PowerTelemetry
01/01/1970 05:56,0.154875149,PowerTelemetry
01/01/1970 05:57,0.155030025,PowerTelemetry
01/01/1970 05:58,0.155185055,PowerTelemetry
01/01/1970 05:59,0.15534024,PowerTelemetry
01/01/1970 06:00,0.15549558,PowerTelemetry
01/01/1970 06:01,0.155651075,PowerTelemetry
01/01/1970 06:02,0.155806727,PowerTelemetry
01/01/1970 06:03,0.155962533,PowerTelemetry
01/01/1970 06:04,0.156118496,PowerTelemetry
01/01/1970 06:05,0.156274614,PowerTelemetry
01/01/1970 06:06,0.156430889,PowerTelemetry
01/01/1970 06:07,0.15658732,PowerTelemetry
01/01/1970 06:08,0.156743907,PowerTelemetry
01/01/1970 06:09,0.156900651,PowerTelemetry
01/01/1970 06:10,0.157057552,PowerTelemetry
01/01/1970 06:11,0.157214609,PowerTelemetry
01/01/1970 06:12,0.157371824,PowerTelemetry
01/01/1970 06:13,0.157529196,PowerTelemetry
01/01/1970 06:14,0.157686725,PowerTelemetry
01/01/1970 06:15,0.157844412,PowerTelemetry
01/01/1970 06:16,0.158002256,PowerTelemetry
01/01/1970 06:17,0.158160258,PowerTelemetry
01/01/1970 06:18,0.158318419,PowerTelemetry
01/01/1970 06:19,0.158476737,PowerTelemetry
01/01/1970 06:20,0.158635214,PowerTelemetry
01/01/1970 06:21,0.158793849,PowerTelemetry
01/01/1970 06:22,0.158952643,PowerTelemetry
01/01/1970 06:23,0.159111595,PowerTelemetry
01/01/1970 06:24,0.159270707,PowerTelemetry
01/01/1970 06:25,0.159429978,PowerTelemetry
01/01/1970 06:26,0.159589408,PowerTelemetry
01/01/1970 06:27,0.159748997,PowerTelemetry
01/01/1970 06:28,0.159908746,PowerTelemetry
01/01/1970 06:29,0.160068655,PowerTelemetry
01/01/1970 06:30,0.160228723,PowerTelemetry
01/01/1970 06:31,0.160388952,PowerTelemetry
01/01/1970 06:32,0.160549341,PowerTelemetry
01/01/1970 06:33,0.16070989,PowerTelemetry
01/01/1970 06:34,0.1608706,PowerTelemetry
01/01/1970 06:35,0.161031471,PowerTelemetry
01/01/1970 06:36,0.161192502,PowerTelemetry
01/01/1970 06:37,0.161353695,PowerTelemetry
01/01/1970 06:38,0.161515049,PowerTelemetry
01/01/1970 06:39,0.161676564,PowerTelemetry
01/01/1970 06:40,0.16183824,PowerTelemetry
01/01/1970 06:41,0.162000078,PowerTelemetry
01/01/1970 06:42,0.162162079,PowerTelemetry
01/01/1970 06:43,0.162324241,PowerTelemetry
01/01/1970 06:44,0.162486565,PowerTelemetry
01/01/1970 06:45,0.162649051,PowerTelemetry
01/01/1970 06:46,0.162811701,PowerTelemetry
01/01/1970 06:47,0.162974512,PowerTelemetry
01/01/1970 06:48,0.163137487,PowerTelemetry
01/01/1970 06:49,0.163300624,PowerTelemetry
01/01/1970 06:50,0.163463925,PowerTelemetry
01/01/1970 06:51,0.163627389,PowerTelemetry
01/01/1970 06:52,0.163791016,PowerTelemetry
01/01/1970 06:53,0.163954807,PowerTelemetry
01/01/1970 06:54,0.164118762,PowerTelemetry
01/01/1970 06:55,0.164282881,PowerTelemetry
01/01/1970 06:56,0.164447164,PowerTelemetry
01/01/1970 06:57,0.164611611,PowerTelemetry
01/01/1970 06:58,0.164776222,PowerTelemetry
01/01/1970 06:59,0.164940999,PowerTelemetry
01/01/1970 07:00,0.16510594,PowerTelemetry
01/01/1970 07:01,0.165271046,PowerTelemetry
01/01/1970 07:02,0.165436317,PowerTelemetry
01/01/1970 07:03,0.165601753,PowerTelemetry
01/01/1970 07:04,0.165767355,PowerTelemetry
01/01/1970 07:05,0.165933122,PowerTelemetry
01/01/1970 07:06,0.166099055,PowerTelemetry
01/01/1970 07:07,0.166265154,PowerTelemetry
01/01/1970 07:08,0.166431419,PowerTelemetry
01/01/1970 07:09,0.166597851,PowerTelemetry
01/01/1970 07:10,0.166764449,PowerTelemetry
01/01/1970 07:11,0.166931213,PowerTelemetry
01/01/1970 07:12,0.167098144,PowerTelemetry
01/01/1970 07:13,0.167265242,PowerTelemetry
01/01/1970 07:14,0.167432508,PowerTelemetry
01/01/1970 07:15,0.16759994,PowerTelemetry
01/01/1970 07:16,0.175979937,PowerTelemetry
01/01/1970 07:17,0.184778934,PowerTelemetry
01/01/1970 07:18,0.194017881,PowerTelemetry
01/01/1970 07:19,0.203718775,PowerTelemetry
01/01/1970 07:20,0.213904714,PowerTelemetry
01/01/1970 07:21,0.224599949,PowerTelemetry
01/01/1970 07:22,0.235829947,PowerTelemetry
01/01/1970 07:23,0.247621444,PowerTelemetry
01/01/1970 07:24,0.260002516,PowerTelemetry
01/01/1970 07:25,0.273002642,PowerTelemetry
01/01/1970 07:26,0.286652774,PowerTelemetry
01/01/1970 07:27,0.300985413,PowerTelemetry
01/01/1970 07:28,0.316034683,PowerTelemetry
01/01/1970 07:29,0.331836418,PowerTelemetry
01/01/1970 07:30,0.348428238,PowerTelemetry
01/01/1970 07:31,0.36584965,PowerTelemetry
01/01/1970 07:32,0.384142133,PowerTelemetry
01/01/1970 07:33,0.40334924,PowerTelemetry
01/01/1970 07:34,0.423516702,PowerTelemetry
01/01/1970 07:35,0.444692537,PowerTelemetry
01/01/1970 07:36,0.466927163,PowerTelemetry
01/01/1970 07:37,0.490273522,PowerTelemetry
01/01/1970 07:38,0.514787198,PowerTelemetry
01/01/1970 07:39,0.540526558,PowerTelemetry
01/01/1970 07:40,0.567552885,PowerTelemetry
01/01/1970 07:41,0.59593053,PowerTelemetry
01/01/1970 07:42,0.625727056,PowerTelemetry
01/01/1970 07:43,0.657013409,PowerTelemetry
01/01/1970 07:44,0.68986408,PowerTelemetry
01/01/1970 07:45,0.724357283,PowerTelemetry
01/01/1970 07:46,0.760575148,PowerTelemetry
01/01/1970 07:47,0.798603905,PowerTelemetry
01/01/1970 07:48,0.8385341,PowerTelemetry
01/01/1970 07:49,0.880460805,PowerTelemetry
01/01/1970 07:50,0.924483846,PowerTelemetry
01/01/1970 07:51,0.970708038,PowerTelemetry
01/01/1970 07:52,1.01924344,PowerTelemetry
01/01/1970 07:53,1.070205612,PowerTelemetry
01/01/1970 07:54,1.080907668,PowerTelemetry
01/01/1970 07:55,1.091716745,PowerTelemetry
01/01/1970 07:56,1.102633912,PowerTelemetry
01/01/1970 07:57,1.113660251,PowerTelemetry
01/01/1970 07:58,1.124796854,PowerTelemetry
01/01/1970 07:59,1.136044822,PowerTelemetry
01/01/1970 08:00,1.14740527,PowerTelemetry
01/01/1970 08:01,1.158879323,PowerTelemetry
01/01/1970 08:02,1.170468116,PowerTelemetry
01/01/1970 08:03,1.182172797,PowerTelemetry
01/01/1970 08:04,1.193994525,PowerTelemetry
01/01/1970 08:05,1.205934471,PowerTelemetry
01/01/1970 08:06,1.217993815,PowerTelemetry
01/01/1970 08:07,1.230173754,PowerTelemetry
01/01/1970 08:08,1.242475491,PowerTelemetry
01/01/1970 08:09,1.254900246,PowerTelemetry
01/01/1970 08:10,1.267449248,PowerTelemetry
01/01/1970 08:11,1.280123741,PowerTelemetry
01/01/1970 08:12,1.292924978,PowerTelemetry
01/01/1970 08:13,1.305854228,PowerTelemetry
01/01/1970 08:14,1.31891277,PowerTelemetry
01/01/1970 08:15,1.332101898,PowerTelemetry
01/01/1970 08:16,1.345422917,PowerTelemetry
01/01/1970 08:17,1.358877146,PowerTelemetry
01/01/1970 08:18,1.372465918,PowerTelemetry
01/01/1970 08:19,1.386190577,PowerTelemetry
01/01/1970 08:20,1.400052483,PowerTelemetry
01/01/1970 08:21,1.414053008,PowerTelemetry
01/01/1970 08:22,1.428193538,PowerTelemetry
01/01/1970 08:23,1.442475473,PowerTelemetry
01/01/1970 08:24,1.456900228,PowerTelemetry
01/01/1970 08:25,1.47146923,PowerTelemetry
01/01/1970 08:26,1.486183922,PowerTelemetry
01/01/1970 08:27,1.501045762,PowerTelemetry
01/01/1970 08:28,1.516056219,PowerTelemetry
01/01/1970 08:29,1.531216781,PowerTelemetry
01/01/1970 08:30,1.546528949,PowerTelemetry
01/01/1970 08:31,1.561994239,PowerTelemetry
01/01/1970 08:32,1.577614181,PowerTelemetry
01/01/1970 08:33,1.593390323,PowerTelemetry
01/01/1970 08:34,1.609324226,PowerTelemetry
01/01/1970 08:35,1.625417468,PowerTelemetry
01/01/1970 08:36,1.641671643,PowerTelemetry
01/01/1970 08:37,1.658088359,PowerTelemetry
01/01/1970 08:38,1.674669243,PowerTelemetry
01/01/1970 08:39,1.691415935,PowerTelemetry
01/01/1970 08:40,1.708330095,PowerTelemetry
01/01/1970 08:41,1.725413396,PowerTelemetry
01/01/1970 08:42,1.74266753,PowerTelemetry
01/01/1970 08:43,1.760094205,PowerTelemetry
01/01/1970 08:44,1.777695147,PowerTelemetry
01/01/1970 08:45,1.795472099,PowerTelemetry
01/01/1970 08:46,1.83138154,PowerTelemetry
01/01/1970 08:47,1.855189501,PowerTelemetry
01/01/1970 08:48,1.879306964,PowerTelemetry
01/01/1970 08:49,1.903737955,PowerTelemetry
01/01/1970 08:50,1.928486548,PowerTelemetry
01/01/1970 08:51,1.953556873,PowerTelemetry
01/01/1970 08:52,1.978953112,PowerTelemetry
01/01/1970 08:53,2.004679503,PowerTelemetry
01/01/1970 08:54,2.030740336,PowerTelemetry
01/01/1970 08:55,2.057139961,PowerTelemetry
01/01/1970 08:56,2.08388278,PowerTelemetry
01/01/1970 08:57,2.110973256,PowerTelemetry
01/01/1970 08:58,2.138415909,PowerTelemetry
01/01/1970 08:59,2.166215316,PowerTelemetry
01/01/1970 09:00,2.194376115,PowerTelemetry
01/01/1970 09:01,2.222903004,PowerTelemetry
01/01/1970 09:02,2.251800743,PowerTelemetry
01/01/1970 09:03,2.281074153,PowerTelemetry
01/01/1970 09:04,2.310728117,PowerTelemetry
01/01/1970 09:05,2.340767582,PowerTelemetry
01/01/1970 09:06,2.371197561,PowerTelemetry
01/01/1970 09:07,2.402023129,PowerTelemetry
01/01/1970 09:08,2.43324943,PowerTelemetry
01/01/1970 09:09,2.464881673,PowerTelemetry
01/01/1970 09:10,2.496925134,PowerTelemetry
01/01/1970 09:11,2.529385161,PowerTelemetry
01/01/1970 09:12,2.562267168,PowerTelemetry
01/01/1970 09:13,2.595576641,PowerTelemetry
01/01/1970 09:14,2.629319138,PowerTelemetry
01/01/1970 09:15,2.663500286,PowerTelemetry
01/01/1970 09:16,2.69812579,PowerTelemetry
01/01/1970 09:17,2.733201425,PowerTelemetry
01/01/1970 09:18,2.768733044,PowerTelemetry
01/01/1970 09:19,2.804726574,PowerTelemetry
01/01/1970 09:20,2.841188019,PowerTelemetry
01/01/1970 09:21,2.878123463,PowerTelemetry
01/01/1970 09:22,2.915539068,PowerTelemetry
01/01/1970 09:23,2.953441076,PowerTelemetry
01/01/1970 09:24,2.99183581,PowerTelemetry
01/01/1970 09:25,3.030729676,PowerTelemetry
01/01/1970 09:26,3.070129161,PowerTelemetry
01/01/1970 09:27,3.110040841,PowerTelemetry
01/01/1970 09:28,3.150471371,PowerTelemetry
01/01/1970 09:29,3.191427499,PowerTelemetry
01/01/1970 09:30,3.232916057,PowerTelemetry
01/01/1970 09:31,3.274943966,PowerTelemetry
01/01/1970 09:32,3.317518237,PowerTelemetry
01/01/1970 09:33,3.360645974,PowerTelemetry
01/01/1970 09:34,3.404334372,PowerTelemetry
01/01/1970 09:35,3.448590719,PowerTelemetry
01/01/1970 09:36,3.493422398,PowerTelemetry
01/01/1970 09:37,3.538836889,PowerTelemetry
01/01/1970 09:38,3.547683981,PowerTelemetry
01/01/1970 09:39,3.583160821,PowerTelemetry
01/01/1970 09:40,3.618992429,PowerTelemetry
01/01/1970 09:41,3.655182354,PowerTelemetry
01/01/1970 09:42,3.691734177,PowerTelemetry
01/01/1970 09:43,3.728651519,PowerTelemetry
01/01/1970 09:44,3.765938034,PowerTelemetry
01/01/1970 09:45,3.803597415,PowerTelemetry
01/01/1970 09:46,3.841633389,PowerTelemetry
01/01/1970 09:47,3.880049723,PowerTelemetry
01/01/1970 09:48,3.91885022,PowerTelemetry
01/01/1970 09:49,3.958038722,PowerTelemetry
01/01/1970 09:50,3.997619109,PowerTelemetry
01/01/1970 09:51,4.0375953,PowerTelemetry
01/01/1970 09:52,4.077971253,PowerTelemetry
01/01/1970 09:53,4.118750966,PowerTelemetry
01/01/1970 09:54,4.159938476,PowerTelemetry
01/01/1970 09:55,4.20153786,PowerTelemetry
01/01/1970 09:56,4.243553239,PowerTelemetry
01/01/1970 09:57,4.285988771,PowerTelemetry
01/01/1970 09:58,4.328848659,PowerTelemetry
01/01/1970 09:59,4.372137146,PowerTelemetry
01/01/1970 10:00,4.383067488,PowerTelemetry
01/01/1970 10:01,4.394025157,PowerTelemetry
01/01/1970 10:02,4.40501022,PowerTelemetry
01/01/1970 10:03,4.416022746,PowerTelemetry
01/01/1970 10:04,4.427062802,PowerTelemetry
01/01/1970 10:05,4.438130459,PowerTelemetry
01/01/1970 10:06,4.449225786,PowerTelemetry
01/01/1970 10:07,4.46034885,PowerTelemetry
01/01/1970 10:08,4.471499722,PowerTelemetry
01/01/1970 10:09,4.482678472,PowerTelemetry
01/01/1970 10:10,4.493885168,PowerTelemetry
01/01/1970 10:11,4.505119881,PowerTelemetry
01/01/1970 10:12,4.51638268,PowerTelemetry
01/01/1970 10:13,4.527673637,PowerTelemetry
01/01/1970 10:14,4.538992821,PowerTelemetry
01/01/1970 10:15,4.550340303,PowerTelemetry
01/01/1970 10:16,4.561716154,PowerTelemetry
01/01/1970 10:17,4.573120444,PowerTelemetry
01/01/1970 10:18,4.584553245,PowerTelemetry
01/01/1970 10:19,4.596014629,PowerTelemetry
01/01/1970 10:20,4.607504665,PowerTelemetry
01/01/1970 10:21,4.619023427,PowerTelemetry
01/01/1970 10:22,4.630570985,PowerTelemetry
01/01/1970 10:23,4.642147413,PowerTelemetry
01/01/1970 10:24,4.653752781,PowerTelemetry
01/01/1970 10:25,4.665387163,PowerTelemetry
01/01/1970 10:26,4.677050631,PowerTelemetry
01/01/1970 10:27,4.688743258,PowerTelemetry
01/01/1970 10:28,4.700465116,PowerTelemetry
01/01/1970 10:29,4.712216279,PowerTelemetry
01/01/1970 10:30,4.723996819,PowerTelemetry
01/01/1970 10:31,4.735806811,PowerTelemetry
01/01/1970 10:32,4.747646328,PowerTelemetry
01/01/1970 10:33,4.759515444,PowerTelemetry
01/01/1970 10:34,4.771414233,PowerTelemetry
01/01/1970 10:35,4.783342768,PowerTelemetry
01/01/1970 10:36,4.795301125,PowerTelemetry
01/01/1970 10:37,4.807289378,PowerTelemetry
01/01/1970 10:38,4.819307602,PowerTelemetry
01/01/1970 10:39,4.831355871,PowerTelemetry
01/01/1970 10:40,4.84343426,PowerTelemetry
01/01/1970 10:41,4.855542846,PowerTelemetry
01/01/1970 10:42,4.867681703,PowerTelemetry
01/01/1970 10:43,4.879850907,PowerTelemetry
01/01/1970 10:44,4.892050535,PowerTelemetry
01/01/1970 10:45,4.904280661,PowerTelemetry
01/01/1970 10:46,4.916541363,PowerTelemetry
01/01/1970 10:47,4.928832716,PowerTelemetry
01/01/1970 10:48,4.941154798,PowerTelemetry
01/01/1970 10:49,4.953507685,PowerTelemetry
01/01/1970 10:50,4.965891454,PowerTelemetry
01/01/1970 10:51,4.978306183,PowerTelemetry
01/01/1970 10:52,4.990751948,PowerTelemetry
01/01/1970 10:53,5.003228828,PowerTelemetry
01/01/1970 10:54,5.0157369,PowerTelemetry
01/01/1970 10:55,5.028276242,PowerTelemetry
01/01/1970 10:56,5.040846933,PowerTelemetry
01/01/1970 10:57,5.05344905,PowerTelemetry
01/01/1970 10:58,5.066082673,PowerTelemetry
01/01/1970 10:59,5.07874788,PowerTelemetry
01/01/1970 11:00,5.091444749,PowerTelemetry
01/01/1970 11:01,5.104173361,PowerTelemetry
01/01/1970 11:02,5.116933795,PowerTelemetry
01/01/1970 11:03,5.129726129,PowerTelemetry
01/01/1970 11:04,5.142550444,PowerTelemetry
01/01/1970 11:05,5.15540682,PowerTelemetry
01/01/1970 11:06,5.168295338,PowerTelemetry
01/01/1970 11:07,5.181216076,PowerTelemetry
01/01/1970 11:08,5.194169116,PowerTelemetry
01/01/1970 11:09,5.207154539,PowerTelemetry
01/01/1970 11:10,5.220172425,PowerTelemetry
01/01/1970 11:11,5.233222856,PowerTelemetry
01/01/1970 11:12,5.246305913,PowerTelemetry
01/01/1970 11:13,5.259421678,PowerTelemetry
01/01/1970 11:14,5.272570232,PowerTelemetry
01/01/1970 11:15,5.285751658,PowerTelemetry
01/01/1970 11:16,5.298966037,PowerTelemetry
01/01/1970 11:17,5.312213452,PowerTelemetry
01/01/1970 11:18,5.325493986,PowerTelemetry
01/01/1970 11:19,5.338807721,PowerTelemetry
01/01/1970 11:20,5.35215474,PowerTelemetry
01/01/1970 11:21,5.365535127,PowerTelemetry
01/01/1970 11:22,5.378948965,PowerTelemetry
01/01/1970 11:23,5.392396337,PowerTelemetry
01/01/1970 11:24,5.405877328,PowerTelemetry
01/01/1970 11:25,5.419392021,PowerTelemetry
01/01/1970 11:26,5.432940501,PowerTelemetry
01/01/1970 11:27,5.446522853,PowerTelemetry
01/01/1970 11:28,5.46013916,PowerTelemetry
01/01/1970 11:29,5.473789508,PowerTelemetry
01/01/1970 11:30,5.487473981,PowerTelemetry
01/01/1970 11:31,5.501192666,PowerTelemetry
01/01/1970 11:32,5.514945648,PowerTelemetry
01/01/1970 11:33,5.528733012,PowerTelemetry
01/01/1970 11:34,5.542554845,PowerTelemetry
01/01/1970 11:35,5.556411232,PowerTelemetry
01/01/1970 11:36,5.57030226,PowerTelemetry
01/01/1970 11:37,5.584228016,PowerTelemetry
01/01/1970 11:38,5.598188586,PowerTelemetry
01/01/1970 11:39,5.612184057,PowerTelemetry
01/01/1970 11:40,5.626214517,PowerTelemetry
01/01/1970 11:41,5.640280053,PowerTelemetry
01/01/1970 11:42,5.654380754,PowerTelemetry
01/01/1970 11:43,5.668516706,PowerTelemetry
01/01/1970 11:44,5.682687997,PowerTelemetry
01/01/1970 11:45,5.696894717,PowerTelemetry
01/01/1970 11:46,5.711136954,PowerTelemetry
01/01/1970 11:47,5.725414796,PowerTelemetry
01/01/1970 11:48,5.739728333,PowerTelemetry
01/01/1970 11:49,5.754077654,PowerTelemetry
01/01/1970 11:50,5.768462848,PowerTelemetry
01/01/1970 11:51,5.782884006,PowerTelemetry
01/01/1970 11:52,5.797341216,PowerTelemetry
01/01/1970 11:53,5.811834569,PowerTelemetry
01/01/1970 11:54,5.826364155,PowerTelemetry
01/01/1970 11:55,5.840930065,PowerTelemetry
01/01/1970 11:56,5.855532391,PowerTelemetry
01/01/1970 11:57,5.870171222,PowerTelemetry
01/01/1970 11:58,5.88484665,PowerTelemetry
01/01/1970 11:59,5.899558766,PowerTelemetry
01/01/1970 12:00,5.914307663,PowerTelemetry
01/01/1970 12:01,5.929093432,PowerTelemetry
01/01/1970 12:02,5.943916166,PowerTelemetry
01/01/1970 12:03,5.958775956,PowerTelemetry
01/01/1970 12:04,5.973672896,PowerTelemetry
01/01/1970 12:05,5.988607078,PowerTelemetry
01/01/1970 12:06,6.003578596,PowerTelemetry
01/01/1970 12:07,6.018587543,PowerTelemetry
01/01/1970 12:08,6.033634011,PowerTelemetry
01/01/1970 12:09,6.048718096,PowerTelemetry
01/01/1970 12:10,6.063839892,PowerTelemetry
01/01/1970 12:11,6.078999491,PowerTelemetry
01/01/1970 12:12,6.09419699,PowerTelemetry
01/01/1970 12:13,6.109432483,PowerTelemetry
01/01/1970 12:14,6.124706064,PowerTelemetry
01/01/1970 12:15,6.140017829,PowerTelemetry
01/01/1970 12:16,6.155367874,PowerTelemetry
01/01/1970 12:17,6.170756293,PowerTelemetry
01/01/1970 12:18,6.186183184,PowerTelemetry
01/01/1970 12:19,6.201648642,PowerTelemetry
01/01/1970 12:20,6.217152764,PowerTelemetry
01/01/1970 12:21,6.232695645,PowerTelemetry
01/01/1970 12:22,6.248277385,PowerTelemetry
01/01/1970 12:23,6.263898078,PowerTelemetry
01/01/1970 12:24,6.279557823,PowerTelemetry
01/01/1970 12:25,6.295256718,PowerTelemetry
01/01/1970 12:26,6.31099486,PowerTelemetry
01/01/1970 12:27,6.326772347,PowerTelemetry
01/01/1970 12:28,6.342589278,PowerTelemetry
01/01/1970 12:29,6.358445751,PowerTelemetry
01/01/1970 12:30,6.374341865,PowerTelemetry
01/01/1970 12:31,6.39027772,PowerTelemetry
01/01/1970 12:32,6.406253414,PowerTelemetry
01/01/1970 12:33,6.422269048,PowerTelemetry
01/01/1970 12:34,6.43832472,PowerTelemetry
01/01/1970 12:35,6.454420532,PowerTelemetry
01/01/1970 12:36,6.470556583,PowerTelemetry
01/01/1970 12:37,6.535262149,PowerTelemetry
01/01/1970 12:38,6.600614771,PowerTelemetry
01/01/1970 12:39,6.666620918,PowerTelemetry
01/01/1970 12:40,6.733287128,PowerTelemetry
01/01/1970 12:41,6.800619999,PowerTelemetry
01/01/1970 12:42,6.868626199,PowerTelemetry
01/01/1970 12:43,6.937312461,PowerTelemetry
01/01/1970 12:44,7.006685586,PowerTelemetry
01/01/1970 12:45,7.076752441,PowerTelemetry
01/01/1970 12:46,7.147519966,PowerTelemetry
01/01/1970 12:47,7.218995165,PowerTelemetry
01/01/1970 12:48,7.291185117,PowerTelemetry
01/01/1970 12:49,7.364096968,PowerTelemetry
01/01/1970 12:50,7.437737938,PowerTelemetry
01/01/1970 12:51,7.512115317,PowerTelemetry
01/01/1970 12:52,7.587236471,PowerTelemetry
01/01/1970 12:53,7.663108835,PowerTelemetry
01/01/1970 12:54,7.739739924,PowerTelemetry
01/01/1970 12:55,7.817137323,PowerTelemetry
01/01/1970 12:56,7.895308696,PowerTelemetry
01/01/1970 12:57,7.974261783,PowerTelemetry
01/01/1970 12:58,8.054004401,PowerTelemetry
01/01/1970 12:59,8.134544445,PowerTelemetry
01/01/1970 13:00,8.215889889,PowerTelemetry
01/01/1970 13:01,8.298048788,PowerTelemetry
01/01/1970 13:02,8.381029276,PowerTelemetry
01/01/1970 13:03,8.464839569,PowerTelemetry
01/01/1970 13:04,8.549487964,PowerTelemetry
01/01/1970 13:05,8.634982844,PowerTelemetry
01/01/1970 13:06,8.721332673,PowerTelemetry
01/01/1970 13:07,8.808545999,PowerTelemetry
01/01/1970 13:08,8.896631459,PowerTelemetry
01/01/1970 13:09,8.985597774,PowerTelemetry
01/01/1970 13:10,9.075453752,PowerTelemetry
01/01/1970 13:11,9.166208289,PowerTelemetry
01/01/1970 13:12,9.257870372,PowerTelemetry
01/01/1970 13:13,9.350449076,PowerTelemetry
01/01/1970 13:14,9.443953567,PowerTelemetry
01/01/1970 13:15,9.538393102,PowerTelemetry
01/01/1970 13:16,9.538393102,PowerTelemetry
01/01/1970 13:17,9.538393102,PowerTelemetry
01/01/1970 13:18,9.538393102,PowerTelemetry
01/01/1970 13:19,9.538393102,PowerTelemetry
01/01/1970 13:20,9.538393102,PowerTelemetry
01/01/1970 13:21,9.538393102,PowerTelemetry
01/01/1970 13:22,9.538393102,PowerTelemetry
01/01/1970 13:23,9.538393102,PowerTelemetry
01/01/1970 13:24,9.538393102,PowerTelemetry
01/01/1970 13:25,9.538393102,PowerTelemetry
01/01/1970 13:26,9.538393102,PowerTelemetry
01/01/1970 13:27,9.538393102,PowerTelemetry
01/01/1970 13:28,9.538393102,PowerTelemetry
01/01/1970 13:29,9.538393102,PowerTelemetry
01/01/1970 13:30,9.538393102,PowerTelemetry
01/01/1970 13:31,9.538393102,PowerTelemetry
01/01/1970 13:32,9.538393102,PowerTelemetry
01/01/1970 13:33,9.538393102,PowerTelemetry
01/01/1970 13:34,9.538393102,PowerTelemetry
01/01/1970 13:35,9.538393102,PowerTelemetry
01/01/1970 13:36,9.538393102,PowerTelemetry
01/01/1970 13:37,9.514547119,PowerTelemetry
01/01/1970 13:38,9.490760752,PowerTelemetry
01/01/1970 13:39,9.46703385,PowerTelemetry
01/01/1970 13:40,9.443366265,PowerTelemetry
01/01/1970 13:41,9.419757849,PowerTelemetry
01/01/1970 13:42,9.396208455,PowerTelemetry
01/01/1970 13:43,9.372717934,PowerTelemetry
01/01/1970 13:44,9.349286139,PowerTelemetry
01/01/1970 13:45,9.325912924,PowerTelemetry
01/01/1970 13:46,9.302598141,PowerTelemetry
01/01/1970 13:47,9.279341646,PowerTelemetry
01/01/1970 13:48,9.256143292,PowerTelemetry
01/01/1970 13:49,9.233002934,PowerTelemetry
01/01/1970 13:50,9.209920426,PowerTelemetry
01/01/1970 13:51,9.186895625,PowerTelemetry
01/01/1970 13:52,9.163928386,PowerTelemetry
01/01/1970 13:53,9.141018565,PowerTelemetry
01/01/1970 13:54,9.118166019,PowerTelemetry
01/01/1970 13:55,9.095370604,PowerTelemetry
01/01/1970 13:56,9.072632177,PowerTelemetry
01/01/1970 13:57,9.049950597,PowerTelemetry
01/01/1970 13:58,9.02732572,PowerTelemetry
01/01/1970 13:59,9.004757406,PowerTelemetry
01/01/1970 14:00,8.982245512,PowerTelemetry
01/01/1970 14:01,8.959789899,PowerTelemetry
01/01/1970 14:02,8.937390424,PowerTelemetry
01/01/1970 14:03,8.915046948,PowerTelemetry
01/01/1970 14:04,8.89275933,PowerTelemetry
01/01/1970 14:05,8.870527432,PowerTelemetry
01/01/1970 14:06,8.848351114,PowerTelemetry
01/01/1970 14:07,8.826230236,PowerTelemetry
01/01/1970 14:08,8.80416466,PowerTelemetry
01/01/1970 14:09,8.782154248,PowerTelemetry
01/01/1970 14:10,8.760198863,PowerTelemetry
01/01/1970 14:11,8.738298366,PowerTelemetry
01/01/1970 14:12,8.71645262,PowerTelemetry
01/01/1970 14:13,8.694661488,PowerTelemetry
01/01/1970 14:14,8.672924835,PowerTelemetry
01/01/1970 14:15,8.651242522,PowerTelemetry
01/01/1970 14:16,8.629614416,PowerTelemetry
01/01/1970 14:17,8.60804038,PowerTelemetry
01/01/1970 14:18,8.586520279,PowerTelemetry
01/01/1970 14:19,8.565053978,PowerTelemetry
01/01/1970 14:20,8.543641343,PowerTelemetry
01/01/1970 14:21,8.52228224,PowerTelemetry
01/01/1970 14:22,8.500976535,PowerTelemetry
01/01/1970 14:23,8.479724093,PowerTelemetry
01/01/1970 14:24,8.458524783,PowerTelemetry
01/01/1970 14:25,8.437378471,PowerTelemetry
01/01/1970 14:26,8.416285025,PowerTelemetry
01/01/1970 14:27,8.395244312,PowerTelemetry
01/01/1970 14:28,8.374256201,PowerTelemetry
01/01/1970 14:29,8.353320561,PowerTelemetry
01/01/1970 14:30,8.33243726,PowerTelemetry
01/01/1970 14:31,8.311606166,PowerTelemetry
01/01/1970 14:32,8.290827151,PowerTelemetry
01/01/1970 14:33,8.270100083,PowerTelemetry
01/01/1970 14:34,8.249424833,PowerTelemetry
01/01/1970 14:35,8.228801271,PowerTelemetry
01/01/1970 14:36,8.208229268,PowerTelemetry
01/01/1970 14:37,8.187708695,PowerTelemetry
01/01/1970 14:38,8.167239423,PowerTelemetry
01/01/1970 14:39,8.146821324,PowerTelemetry
01/01/1970 14:40,8.126454271,PowerTelemetry
01/01/1970 14:41,8.106138135,PowerTelemetry
01/01/1970 14:42,8.08587279,PowerTelemetry
01/01/1970 14:43,8.065658108,PowerTelemetry
01/01/1970 14:44,8.045493963,PowerTelemetry
01/01/1970 14:45,8.025380228,PowerTelemetry
01/01/1970 14:46,8.005316777,PowerTelemetry
01/01/1970 14:47,7.985303485,PowerTelemetry
01/01/1970 14:48,7.965340227,PowerTelemetry
01/01/1970 14:49,7.945426876,PowerTelemetry
01/01/1970 14:50,7.925563309,PowerTelemetry
01/01/1970 14:51,7.9057494,PowerTelemetry
01/01/1970 14:52,7.885985027,PowerTelemetry
01/01/1970 14:53,7.866270064,PowerTelemetry
01/01/1970 14:54,7.846604389,PowerTelemetry
01/01/1970 14:55,7.826987878,PowerTelemetry
01/01/1970 14:56,7.807420409,PowerTelemetry
01/01/1970 14:57,7.787901858,PowerTelemetry
01/01/1970 14:58,7.768432103,PowerTelemetry
01/01/1970 14:59,7.749011023,PowerTelemetry
01/01/1970 15:00,7.729638495,PowerTelemetry
01/01/1970 15:01,7.710314399,PowerTelemetry
01/01/1970 15:02,7.691038613,PowerTelemetry
01/01/1970 15:03,7.671811016,PowerTelemetry
01/01/1970 15:04,7.652631489,PowerTelemetry
01/01/1970 15:05,7.63349991,PowerTelemetry
01/01/1970 15:06,7.61441616,PowerTelemetry
01/01/1970 15:07,7.59538012,PowerTelemetry
01/01/1970 15:08,7.57639167,PowerTelemetry
01/01/1970 15:09,7.55745069,PowerTelemetry
01/01/1970 15:10,7.538557064,PowerTelemetry
01/01/1970 15:11,7.519710671,PowerTelemetry
01/01/1970 15:12,7.500911394,PowerTelemetry
01/01/1970 15:13,7.482159116,PowerTelemetry
01/01/1970 15:14,7.463453718,PowerTelemetry
01/01/1970 15:15,7.444795084,PowerTelemetry
01/01/1970 15:16,7.426183096,PowerTelemetry
01/01/1970 15:17,7.407617638,PowerTelemetry
01/01/1970 15:18,7.389098594,PowerTelemetry
01/01/1970 15:19,7.370625848,PowerTelemetry
01/01/1970 15:20,7.352199283,PowerTelemetry
01/01/1970 15:21,7.333818785,PowerTelemetry
01/01/1970 15:22,7.315484238,PowerTelemetry
01/01/1970 15:23,7.297195527,PowerTelemetry
01/01/1970 15:24,7.278952539,PowerTelemetry
01/01/1970 15:25,7.260755157,PowerTelemetry
01/01/1970 15:26,7.242603269,PowerTelemetry
01/01/1970 15:27,7.224496761,PowerTelemetry
01/01/1970 15:28,7.206435519,PowerTelemetry
01/01/1970 15:29,7.18841943,PowerTelemetry
01/01/1970 15:30,7.170448382,PowerTelemetry
01/01/1970 15:31,7.152522261,PowerTelemetry
01/01/1970 15:32,7.134640955,PowerTelemetry
01/01/1970 15:33,7.116804353,PowerTelemetry
01/01/1970 15:34,7.099012342,PowerTelemetry
01/01/1970 15:35,7.081264811,PowerTelemetry
01/01/1970 15:36,7.063561649,PowerTelemetry
01/01/1970 15:37,7.045902745,PowerTelemetry
01/01/1970 15:38,7.028287988,PowerTelemetry
01/01/1970 15:39,7.010717268,PowerTelemetry
01/01/1970 15:40,6.968652965,PowerTelemetry
01/01/1970 15:41,6.926841047,PowerTelemetry
01/01/1970 15:42,6.88528,PowerTelemetry
01/01/1970 15:43,6.84396832,PowerTelemetry
01/01/1970 15:44,6.802904511,PowerTelemetry
01/01/1970 15:45,6.762087083,PowerTelemetry
01/01/1970 15:46,6.721514561,PowerTelemetry
01/01/1970 15:47,6.681185474,PowerTelemetry
01/01/1970 15:48,6.641098361,PowerTelemetry
01/01/1970 15:49,6.601251771,PowerTelemetry
01/01/1970 15:50,6.56164426,PowerTelemetry
01/01/1970 15:51,6.522274394,PowerTelemetry
01/01/1970 15:52,6.483140748,PowerTelemetry
01/01/1970 15:53,6.444241904,PowerTelemetry
01/01/1970 15:54,6.405576452,PowerTelemetry
01/01/1970 15:55,6.367142993,PowerTelemetry
01/01/1970 15:56,6.328940135,PowerTelemetry
01/01/1970 15:57,6.290966495,PowerTelemetry
01/01/1970 15:58,6.253220696,PowerTelemetry
01/01/1970 15:59,6.215701372,PowerTelemetry
01/01/1970 16:00,6.178407163,PowerTelemetry
01/01/1970 16:01,6.14133672,PowerTelemetry
01/01/1970 16:02,6.1044887,PowerTelemetry
01/01/1970 16:03,6.067861768,PowerTelemetry
01/01/1970 16:04,6.031454597,PowerTelemetry
01/01/1970 16:05,5.99526587,PowerTelemetry
01/01/1970 16:06,5.959294274,PowerTelemetry
01/01/1970 16:07,5.923538509,PowerTelemetry
01/01/1970 16:08,5.887997278,PowerTelemetry
01/01/1970 16:09,5.852669294,PowerTelemetry
01/01/1970 16:10,5.817553278,PowerTelemetry
01/01/1970 16:11,5.782647959,PowerTelemetry
01/01/1970 16:12,5.747952071,PowerTelemetry
01/01/1970 16:13,5.713464358,PowerTelemetry
01/01/1970 16:14,5.679183572,PowerTelemetry
01/01/1970 16:15,5.645108471,PowerTelemetry
01/01/1970 16:16,5.61123782,PowerTelemetry
01/01/1970 16:17,5.577570393,PowerTelemetry
01/01/1970 16:18,5.544104971,PowerTelemetry
01/01/1970 16:19,5.510840341,PowerTelemetry
01/01/1970 16:20,5.477775299,PowerTelemetry
01/01/1970 16:21,5.444908647,PowerTelemetry
01/01/1970 16:22,5.412239195,PowerTelemetry
01/01/1970 16:23,5.37976576,PowerTelemetry
01/01/1970 16:24,5.347487165,PowerTelemetry
01/01/1970 16:25,5.315402242,PowerTelemetry
01/01/1970 16:26,5.283509829,PowerTelemetry
01/01/1970 16:27,5.25180877,PowerTelemetry
01/01/1970 16:28,5.220297917,PowerTelemetry
01/01/1970 16:29,5.18897613,PowerTelemetry
01/01/1970 16:30,5.157842273,PowerTelemetry
01/01/1970 16:31,5.10626385,PowerTelemetry
01/01/1970 16:32,5.055201212,PowerTelemetry
01/01/1970 16:33,5.0046492,PowerTelemetry
01/01/1970 16:34,4.954602708,PowerTelemetry
01/01/1970 16:35,4.905056681,PowerTelemetry
01/01/1970 16:36,4.856006114,PowerTelemetry
01/01/1970 16:37,4.807446053,PowerTelemetry
01/01/1970 16:38,4.759371592,PowerTelemetry
01/01/1970 16:39,4.711777876,PowerTelemetry
01/01/1970 16:40,4.664660098,PowerTelemetry
01/01/1970 16:41,4.618013497,PowerTelemetry
01/01/1970 16:42,4.571833362,PowerTelemetry
01/01/1970 16:43,4.526115028,PowerTelemetry
01/01/1970 16:44,4.480853878,PowerTelemetry
01/01/1970 16:45,4.436045339,PowerTelemetry
01/01/1970 16:46,4.391684886,PowerTelemetry
01/01/1970 16:47,4.347768037,PowerTelemetry
01/01/1970 16:48,4.304290356,PowerTelemetry
01/01/1970 16:49,4.261247453,PowerTelemetry
01/01/1970 16:50,4.218634978,PowerTelemetry
01/01/1970 16:51,4.176448628,PowerTelemetry
01/01/1970 16:52,4.134684142,PowerTelemetry
01/01/1970 16:53,4.093337301,PowerTelemetry
01/01/1970 16:54,4.052403928,PowerTelemetry
01/01/1970 16:55,4.011879888,PowerTelemetry
01/01/1970 16:56,3.97176109,PowerTelemetry
01/01/1970 16:57,3.932043479,PowerTelemetry
01/01/1970 16:58,3.892723044,PowerTelemetry
01/01/1970 16:59,3.853795813,PowerTelemetry
01/01/1970 17:00,3.815257855,PowerTelemetry
01/01/1970 17:01,3.777105277,PowerTelemetry
01/01/1970 17:02,3.739334224,PowerTelemetry
01/01/1970 17:03,3.701940882,PowerTelemetry
01/01/1970 17:04,3.664921473,PowerTelemetry
01/01/1970 17:05,3.628272258,PowerTelemetry
01/01/1970 17:06,3.591989536,PowerTelemetry
01/01/1970 17:07,3.55606964,PowerTelemetry
01/01/1970 17:08,3.520508944,PowerTelemetry
01/01/1970 17:09,3.485303854,PowerTelemetry
01/01/1970 17:10,3.450450816,PowerTelemetry
01/01/1970 17:11,3.415946308,PowerTelemetry
01/01/1970 17:12,3.381786845,PowerTelemetry
01/01/1970 17:13,3.347968976,PowerTelemetry
01/01/1970 17:14,3.314489286,PowerTelemetry
01/01/1970 17:15,3.281344394,PowerTelemetry
01/01/1970 17:16,3.24853095,PowerTelemetry
01/01/1970 17:17,3.21604564,PowerTelemetry
01/01/1970 17:18,3.183885184,PowerTelemetry
01/01/1970 17:19,3.152046332,PowerTelemetry
01/01/1970 17:20,3.120525869,PowerTelemetry
01/01/1970 17:21,3.08932061,PowerTelemetry
01/01/1970 17:22,3.058427404,PowerTelemetry
01/01/1970 17:23,3.02784313,PowerTelemetry
01/01/1970 17:24,2.997564698,PowerTelemetry
01/01/1970 17:25,2.967589051,PowerTelemetry
01/01/1970 17:26,2.937913161,PowerTelemetry
01/01/1970 17:27,2.908534029,PowerTelemetry
01/01/1970 17:28,2.879448689,PowerTelemetry
01/01/1970 17:29,2.850654202,PowerTelemetry
01/01/1970 17:30,2.82214766,PowerTelemetry
01/01/1970 17:31,2.793926184,PowerTelemetry
01/01/1970 17:32,2.765986922,PowerTelemetry
01/01/1970 17:33,2.738327052,PowerTelemetry
01/01/1970 17:34,2.710943782,PowerTelemetry
01/01/1970 17:35,2.683834344,PowerTelemetry
01/01/1970 17:36,2.656996001,PowerTelemetry
01/01/1970 17:37,2.630426041,PowerTelemetry
01/01/1970 17:38,2.60412178,PowerTelemetry
01/01/1970 17:39,2.578080562,PowerTelemetry
01/01/1970 17:40,2.552299757,PowerTelemetry
01/01/1970 17:41,2.526776759,PowerTelemetry
01/01/1970 17:42,2.501508992,PowerTelemetry
01/01/1970 17:43,2.476493902,PowerTelemetry
01/01/1970 17:44,2.451728963,PowerTelemetry
01/01/1970 17:45,2.427211673,PowerTelemetry
01/01/1970 17:46,2.402939556,PowerTelemetry
01/01/1970 17:47,2.378910161,PowerTelemetry
01/01/1970 17:48,2.355121059,PowerTelemetry
01/01/1970 17:49,2.331569849,PowerTelemetry
01/01/1970 17:50,2.30825415,PowerTelemetry
01/01/1970 17:51,2.285171609,PowerTelemetry
01/01/1970 17:52,2.262319893,PowerTelemetry
01/01/1970 17:53,2.239696694,PowerTelemetry
01/01/1970 17:54,2.217299727,PowerTelemetry
01/01/1970 17:55,2.195126729,PowerTelemetry
01/01/1970 17:56,2.173175462,PowerTelemetry
01/01/1970 17:57,2.151443708,PowerTelemetry
01/01/1970 17:58,2.12992927,PowerTelemetry
01/01/1970 17:59,2.108629978,PowerTelemetry
01/01/1970 18:00,2.087543678,PowerTelemetry
01/01/1970 18:01,2.066668241,PowerTelemetry
01/01/1970 18:02,2.046001559,PowerTelemetry
01/01/1970 18:03,2.025541543,PowerTelemetry
01/01/1970 18:04,2.005286128,PowerTelemetry
01/01/1970 18:05,1.985233266,PowerTelemetry
01/01/1970 18:06,1.965380934,PowerTelemetry
01/01/1970 18:07,1.945727124,PowerTelemetry
01/01/1970 18:08,1.926269853,PowerTelemetry
01/01/1970 18:09,1.907007155,PowerTelemetry
01/01/1970 18:10,1.887937083,PowerTelemetry
01/01/1970 18:11,1.869057712,PowerTelemetry
01/01/1970 18:12,1.850367135,PowerTelemetry
01/01/1970 18:13,1.831863464,PowerTelemetry
01/01/1970 18:14,1.813544829,PowerTelemetry
01/01/1970 18:15,1.795409381,PowerTelemetry
01/01/1970 18:16,1.777455287,PowerTelemetry
01/01/1970 18:17,1.759680734,PowerTelemetry
01/01/1970 18:18,1.742083927,PowerTelemetry
01/01/1970 18:19,1.724663088,PowerTelemetry
01/01/1970 18:20,1.707416457,PowerTelemetry
01/01/1970 18:21,1.690342292,PowerTelemetry
01/01/1970 18:22,1.673438869,PowerTelemetry
01/01/1970 18:23,1.656704481,PowerTelemetry
01/01/1970 18:24,1.640137436,PowerTelemetry
01/01/1970 18:25,1.623736061,PowerTelemetry
01/01/1970 18:26,1.607498701,PowerTelemetry
01/01/1970 18:27,1.591423714,PowerTelemetry
01/01/1970 18:28,1.575509477,PowerTelemetry
01/01/1970 18:29,1.559754382,PowerTelemetry
01/01/1970 18:30,1.544156838,PowerTelemetry
01/01/1970 18:31,1.52871527,PowerTelemetry
01/01/1970 18:32,1.513428117,PowerTelemetry
01/01/1970 18:33,1.498293836,PowerTelemetry
01/01/1970 18:34,1.483310897,PowerTelemetry
01/01/1970 18:35,1.468477788,PowerTelemetry
01/01/1970 18:36,1.453793011,PowerTelemetry
01/01/1970 18:37,1.43925508,PowerTelemetry
01/01/1970 18:38,1.42486253,PowerTelemetry
01/01/1970 18:39,1.410613904,PowerTelemetry
01/01/1970 18:40,1.396507765,PowerTelemetry
01/01/1970 18:41,1.382542688,PowerTelemetry
01/01/1970 18:42,1.368717261,PowerTelemetry
01/01/1970 18:43,1.355030088,PowerTelemetry
01/01/1970 18:44,1.341479787,PowerTelemetry
01/01/1970 18:45,1.328064989,PowerTelemetry
01/01/1970 18:46,1.31478434,PowerTelemetry
01/01/1970 18:47,1.301636496,PowerTelemetry
01/01/1970 18:48,1.288620131,PowerTelemetry
01/01/1970 18:49,1.27573393,PowerTelemetry
01/01/1970 18:50,1.262976591,PowerTelemetry
01/01/1970 18:51,1.250346825,PowerTelemetry
01/01/1970 18:52,1.237843356,PowerTelemetry
01/01/1970 18:53,1.225464923,PowerTelemetry
01/01/1970 18:54,1.213210274,PowerTelemetry
01/01/1970 18:55,1.201078171,PowerTelemetry
01/01/1970 18:56,1.189067389,PowerTelemetry
01/01/1970 18:57,1.177176715,PowerTelemetry
01/01/1970 18:58,1.165404948,PowerTelemetry
01/01/1970 18:59,1.153750899,PowerTelemetry
01/01/1970 19:00,1.14221339,PowerTelemetry
01/01/1970 19:01,1.130791256,PowerTelemetry
01/01/1970 19:02,1.119483343,PowerTelemetry
01/01/1970 19:03,1.10828851,PowerTelemetry
01/01/1970 19:04,1.097205625,PowerTelemetry
01/01/1970 19:05,1.086233568,PowerTelemetry
01/01/1970 19:06,1.075371233,PowerTelemetry
01/01/1970 19:07,1.06461752,PowerTelemetry
01/01/1970 19:08,1.053971345,PowerTelemetry
01/01/1970 19:09,1.043431632,PowerTelemetry
01/01/1970 19:10,1.032997315,PowerTelemetry
01/01/1970 19:11,1.022667342,PowerTelemetry
01/01/1970 19:12,1.012440669,PowerTelemetry
01/01/1970 19:13,1.002316262,PowerTelemetry
01/01/1970 19:14,0.9922931,PowerTelemetry
01/01/1970 19:15,0.982370169,PowerTelemetry
01/01/1970 19:16,0.972546467,PowerTelemetry
01/01/1970 19:17,0.962821002,PowerTelemetry
01/01/1970 19:18,0.953192792,PowerTelemetry
01/01/1970 19:19,0.943660864,PowerTelemetry
01/01/1970 19:20,0.934224256,PowerTelemetry
01/01/1970 19:21,0.924882013,PowerTelemetry
01/01/1970 19:22,0.915633193,PowerTelemetry
01/01/1970 19:23,0.906476861,PowerTelemetry
01/01/1970 19:24,0.897412092,PowerTelemetry
01/01/1970 19:25,0.888437971,PowerTelemetry
01/01/1970 19:26,0.879553592,PowerTelemetry
01/01/1970 19:27,0.870758056,PowerTelemetry
01/01/1970 19:28,0.862050475,PowerTelemetry
01/01/1970 19:29,0.853429971,PowerTelemetry
01/01/1970 19:30,0.844895671,PowerTelemetry
01/01/1970 19:31,0.836446714,PowerTelemetry
01/01/1970 19:32,0.828082247,PowerTelemetry
01/01/1970 19:33,0.819801425,PowerTelemetry
01/01/1970 19:34,0.81160341,PowerTelemetry
01/01/1970 19:35,0.803487376,PowerTelemetry
01/01/1970 19:36,0.795452502,PowerTelemetry
01/01/1970 19:37,0.787497977,PowerTelemetry
01/01/1970 19:38,0.779622998,PowerTelemetry
01/01/1970 19:39,0.771826768,PowerTelemetry
01/01/1970 19:40,0.7641085,PowerTelemetry
01/01/1970 19:41,0.756467415,PowerTelemetry
01/01/1970 19:42,0.748902741,PowerTelemetry
01/01/1970 19:43,0.741413713,PowerTelemetry
01/01/1970 19:44,0.733999576,PowerTelemetry
01/01/1970 19:45,0.726659581,PowerTelemetry
01/01/1970 19:46,0.719392985,PowerTelemetry
01/01/1970 19:47,0.712199055,PowerTelemetry
01/01/1970 19:48,0.705077064,PowerTelemetry
01/01/1970 19:49,0.698026294,PowerTelemetry
01/01/1970 19:50,0.691046031,PowerTelemetry
01/01/1970 19:51,0.68413557,PowerTelemetry
01/01/1970 19:52,0.677294215,PowerTelemetry
01/01/1970 19:53,0.670521273,PowerTelemetry
01/01/1970 19:54,0.66381606,PowerTelemetry
01/01/1970 19:55,0.657177899,PowerTelemetry
01/01/1970 19:56,0.65060612,PowerTelemetry
01/01/1970 19:57,0.644100059,PowerTelemetry
01/01/1970 19:58,0.637659058,PowerTelemetry
01/01/1970 19:59,0.631282468,PowerTelemetry
01/01/1970 20:00,0.624969643,PowerTelemetry
01/01/1970 20:01,0.618719947,PowerTelemetry
01/01/1970 20:02,0.612532747,PowerTelemetry
01/01/1970 20:03,0.60640742,PowerTelemetry
01/01/1970 20:04,0.600343346,PowerTelemetry
01/01/1970 20:05,0.594339912,PowerTelemetry
01/01/1970 20:06,0.588396513,PowerTelemetry
01/01/1970 20:07,0.582512548,PowerTelemetry
01/01/1970 20:08,0.576687422,PowerTelemetry
01/01/1970 20:09,0.570920548,PowerTelemetry
01/01/1970 20:10,0.565211343,PowerTelemetry
01/01/1970 20:11,0.559559229,PowerTelemetry
01/01/1970 20:12,0.553963637,PowerTelemetry
01/01/1970 20:13,0.548424001,PowerTelemetry
01/01/1970 20:14,0.542939761,PowerTelemetry
01/01/1970 20:15,0.537510363,PowerTelemetry
01/01/1970 20:16,0.532135259,PowerTelemetry
01/01/1970 20:17,0.526813907,PowerTelemetry
01/01/1970 20:18,0.521545768,PowerTelemetry
01/01/1970 20:19,0.51633031,PowerTelemetry
01/01/1970 20:20,0.511167007,PowerTelemetry
01/01/1970 20:21,0.506055337,PowerTelemetry
01/01/1970 20:22,0.500994784,PowerTelemetry
01/01/1970 20:23,0.495984836,PowerTelemetry
01/01/1970 20:24,0.491024987,PowerTelemetry
01/01/1970 20:25,0.486114737,PowerTelemetry
01/01/1970 20:26,0.48125359,PowerTelemetry
01/01/1970 20:27,0.476441054,PowerTelemetry
01/01/1970 20:28,0.471676644,PowerTelemetry
01/01/1970 20:29,0.466959877,PowerTelemetry
01/01/1970 20:30,0.462290278,PowerTelemetry
01/01/1970 20:31,0.457667376,PowerTelemetry
01/01/1970 20:32,0.453090702,PowerTelemetry
01/01/1970 20:33,0.448559795,PowerTelemetry
01/01/1970 20:34,0.444074197,PowerTelemetry
01/01/1970 20:35,0.439633455,PowerTelemetry
01/01/1970 20:36,0.43523712,PowerTelemetry
01/01/1970 20:37,0.1,PowerTelemetry
01/01/1970 20:38,0,PowerTelemetry
01/01/1970 20:39,0,PowerTelemetry
01/01/1970 20:40,0,PowerTelemetry
01/01/1970 20:41,0,PowerTelemetry
01/01/1970 20:42,0,PowerTelemetry
01/01/1970 20:43,0,PowerTelemetry
01/01/1970 20:44,0,PowerTelemetry
01/01/1970 20:45,0,PowerTelemetry
01/01/1970 20:46,0,PowerTelemetry
01/01/1970 20:47,0,PowerTelemetry
01/01/1970 20:48,0,PowerTelemetry
01/01/1970 20:49,0,PowerTelemetry
01/01/1970 20:50,0,PowerTelemetry
01/01/1970 20:51,0,PowerTelemetry
01/01/1970 20:52,0,PowerTelemetry
01/01/1970 20:53,0,PowerTelemetry
01/01/1970 20:54,0,PowerTelemetry
01/01/1970 20:55,0,PowerTelemetry
01/01/1970 20:56,0,PowerTelemetry
01/01/1970 20:57,0,PowerTelemetry
01/01/1970 20:58,0,PowerTelemetry
01/01/1970 20:59,0,PowerTelemetry
01/01/1970 21:00,0,PowerTelemetry
01/01/1970 21:01,0,PowerTelemetry
01/01/1970 21:02,0,PowerTelemetry
01/01/1970 21:03,0,PowerTelemetry
01/01/1970 21:04,0,PowerTelemetry
01/01/1970 21:05,0,PowerTelemetry
01/01/1970 21:06,0,PowerTelemetry
01/01/1970 21:07,0,PowerTelemetry
01/01/1970 21:08,0,PowerTelemetry
01/01/1970 21:09,0,PowerTelemetry
01/01/1970 21:10,0,PowerTelemetry
01/01/1970 21:11,0,PowerTelemetry
01/01/1970 21:12,0,PowerTelemetry
01/01/1970 21:13,0,PowerTelemetry
01/01/1970 21:14,0,PowerTelemetry
01/01/1970 21:15,0,PowerTelemetry
01/01/1970 21:16,0,PowerTelemetry
01/01/1970 21:17,0,PowerTelemetry
01/01/1970 21:18,0,PowerTelemetry
01/01/1970 21:19,0,PowerTelemetry
01/01/1970 21:20,0,PowerTelemetry
01/01/1970 21:21,0,PowerTelemetry
01/01/1970 21:22,0,PowerTelemetry
01/01/1970 21:23,0,PowerTelemetry
01/01/1970 21:24,0,PowerTelemetry
01/01/1970 21:25,0,PowerTelemetry
01/01/1970 21:26,0,PowerTelemetry
01/01/1970 21:27,0,PowerTelemetry
01/01/1970 21:28,0,PowerTelemetry
01/01/1970 21:29,0,PowerTelemetry
01/01/1970 21:30,0,PowerTelemetry
01/01/1970 21:31,0,PowerTelemetry
01/01/1970 21:32,0,PowerTelemetry
01/01/1970 21:33,0,PowerTelemetry
01/01/1970 21:34,0,PowerTelemetry
01/01/1970 21:35,0,PowerTelemetry
01/01/1970 21:36,0,PowerTelemetry
01/01/1970 21:37,0,PowerTelemetry
01/01/1970 21:38,0,PowerTelemetry
01/01/1970 21:39,0,PowerTelemetry
01/01/1970 21:40,0,PowerTelemetry
01/01/1970 21:41,0,PowerTelemetry
01/01/1970 21:42,0,PowerTelemetry
01/01/1970 21:43,0,PowerTelemetry
01/01/1970 21:44,0,PowerTelemetry
01/01/1970 21:45,0,PowerTelemetry
01/01/1970 21:46,0,PowerTelemetry
01/01/1970 21:47,0,PowerTelemetry
01/01/1970 21:48,0,PowerTelemetry
01/01/1970 21:49,0,PowerTelemetry
01/01/1970 21:50,0,PowerTelemetry
01/01/1970 21:51,0,PowerTelemetry
01/01/1970 21:52,0,PowerTelemetry
01/01/1970 21:53,0,PowerTelemetry
01/01/1970 21:54,0,PowerTelemetry
01/01/1970 21:55,0,PowerTelemetry
01/01/1970 21:56,0,PowerTelemetry
01/01/1970 21:57,0,PowerTelemetry
01/01/1970 21:58,0,PowerTelemetry
01/01/1970 21:59,0,PowerTelemetry
01/01/1970 22:00,0,PowerTelemetry
01/01/1970 22:01,0,PowerTelemetry
01/01/1970 22:02,0,PowerTelemetry
01/01/1970 22:03,0,PowerTelemetry
01/01/1970 22:04,0,PowerTelemetry
01/01/1970 22:05,0,PowerTelemetry
01/01/1970 22:06,0,PowerTelemetry
01/01/1970 22:07,0,PowerTelemetry
01/01/1970 22:08,0,PowerTelemetry
01/01/1970 22:09,0,PowerTelemetry
01/01/1970 22:10,0,PowerTelemetry
01/01/1970 22:11,0,PowerTelemetry
01/01/1970 22:12,0,PowerTelemetry
01/01/1970 22:13,0,PowerTelemetry
01/01/1970 22:14,0,PowerTelemetry
01/01/1970 22:15,0,PowerTelemetry
01/01/1970 22:16,0,PowerTelemetry
01/01/1970 22:17,0,PowerTelemetry
01/01/1970 22:18,0,PowerTelemetry
01/01/1970 22:19,0,PowerTelemetry
01/01/1970 22:20,0,PowerTelemetry
01/01/1970 22:21,0,PowerTelemetry
01/01/1970 22:22,0,PowerTelemetry
01/01/1970 22:23,0,PowerTelemetry
01/01/1970 22:24,0,PowerTelemetry
01/01/1970 22:25,0,PowerTelemetry
01/01/1970 22:26,0,PowerTelemetry
01/01/1970 22:27,0,PowerTelemetry
01/01/1970 22:28,0,PowerTelemetry
01/01/1970 22:29,0,PowerTelemetry
01/01/1970 22:30,0,PowerTelemetry
01/01/1970 22:31,0,PowerTelemetry
01/01/1970 22:32,0,PowerTelemetry
01/01/1970 22:33,0,PowerTelemetry
01/01/1970 22:34,0,PowerTelemetry
01/01/1970 22:35,0,PowerTelemetry
01/01/1970 22:36,0,PowerTelemetry
01/01/1970 22:37,0,PowerTelemetry
01/01/1970 22:38,0,PowerTelemetry
01/01/1970 22:39,0,PowerTelemetry
01/01/1970 22:40,0,PowerTelemetry
01/01/1970 22:41,0,PowerTelemetry
01/01/1970 22:42,0,PowerTelemetry
01/01/1970 22:43,0,PowerTelemetry
01/01/1970 22:44,0,PowerTelemetry
01/01/1970 22:45,0,PowerTelemetry
01/01/1970 22:46,0,PowerTelemetry
01/01/1970 22:47,0,PowerTelemetry
01/01/1970 22:48,0,PowerTelemetry
01/01/1970 22:49,0,PowerTelemetry
01/01/1970 22:50,0,PowerTelemetry
01/01/1970 22:51,0,PowerTelemetry
01/01/1970 22:52,0,PowerTelemetry
01/01/1970 22:53,0,PowerTelemetry
01/01/1970 22:54,0,PowerTelemetry
01/01/1970 22:55,0,PowerTelemetry
01/01/1970 22:56,0,PowerTelemetry
01/01/1970 22:57,0,PowerTelemetry
01/01/1970 22:58,0,PowerTelemetry
01/01/1970 22:59,0,PowerTelemetry
01/01/1970 23:00,0,PowerTelemetry
01/01/1970 23:01,0,PowerTelemetry
01/01/1970 23:02,0,PowerTelemetry
01/01/1970 23:03,0,PowerTelemetry
01/01/1970 23:04,0,PowerTelemetry
01/01/1970 23:05,0,PowerTelemetry
01/01/1970 23:06,0,PowerTelemetry
01/01/1970 23:07,0,PowerTelemetry
01/01/1970 23:08,0,PowerTelemetry
01/01/1970 23:09,0,PowerTelemetry
01/01/1970 23:10,0,PowerTelemetry
01/01/1970 23:11,0,PowerTelemetry
01/01/1970 23:12,0,PowerTelemetry
01/01/1970 23:13,0,PowerTelemetry
01/01/1970 23:14,0,PowerTelemetry
01/01/1970 23:15,0,PowerTelemetry
01/01/1970 23:16,0,PowerTelemetry
01/01/1970 23:17,0,PowerTelemetry
01/01/1970 23:18,0,PowerTelemetry
01/01/1970 23:19,0,PowerTelemetry
01/01/1970 23:20,0,PowerTelemetry
01/01/1970 23:21,0,PowerTelemetry
01/01/1970 23:22,0,PowerTelemetry
01/01/1970 23:23,0,PowerTelemetry
01/01/1970 23:24,0,PowerTelemetry
01/01/1970 23:25,0,PowerTelemetry
01/01/1970 23:26,0,PowerTelemetry
01/01/1970 23:27,0,PowerTelemetry
01/01/1970 23:28,0,PowerTelemetry
01/01/1970 23:29,0,PowerTelemetry
01/01/1970 23:30,0,PowerTelemetry
01/01/1970 23:31,0,PowerTelemetry
01/01/1970 23:32,0,PowerTelemetry
01/01/1970 23:33,0,PowerTelemetry
01/01/1970 23:34,0,PowerTelemetry
01/01/1970 23:35,0,PowerTelemetry
01/01/1970 23:36,0,PowerTelemetry
01/01/1970 23:37,0,PowerTelemetry
01/01/1970 23:38,0,PowerTelemetry
01/01/1970 23:39,0,PowerTelemetry
01/01/1970 23:40,0,PowerTelemetry
01/01/1970 23:41,0,PowerTelemetry
01/01/1970 23:42,0,PowerTelemetry
01/01/1970 23:43,0,PowerTelemetry
01/01/1970 23:44,0,PowerTelemetry
01/01/1970 23:45,0,PowerTelemetry
01/01/1970 23:46,0,PowerTelemetry
01/01/1970 23:47,0,PowerTelemetry
01/01/1970 23:48,0,PowerTelemetry
01/01/1970 23:49,0,PowerTelemetry
01/01/1970 23:50,0,PowerTelemetry
01/01/1970 23:51,0,PowerTelemetry
01/01/1970 23:52,0,PowerTelemetry
01/01/1970 23:53,0,PowerTelemetry
01/01/1970 23:54,0,PowerTelemetry
01/01/1970 23:55,0,PowerTelemetry
01/01/1970 23:56,0,PowerTelemetry
01/01/1970 23:57,0,PowerTelemetry
01/01/1970 23:58,0,PowerTelemetry
01/01/1970 23:59,0,PowerTelemetry
